tweets,compound_score,sentiment
"She fabricated trump prosecution and had no problem that Diddy, an OBVIOUS ABUSER, being found not guilty of charges that were abusive to anyone with a brain. Hell yes this corrupt democrat (apple doesnâ€™t fall too far from the tree) should be investigated. And jailed!!",-0.9327,negative
She's in jail and Diddy did pretty much the same thing and he's going to get away with it. Well I say give him the max on the charges he was found guilty of. If he gets 20 years that's pretty much life for him !,0.5983,positive
"oh, and diddy was not guilty as well. happy sunday.",0.6391,positive
If there was no list then why did Epstein SUPPOSEDLY kill himself and why is she still in jail? Itâ€™s all bullshit! Equally guilty on both sides! So much guilt that theyâ€™re now lying about it!! Epstein and Diddy sexually assaulting people and zero accountability! Disgusting. We,-0.9801,negative
"Play ğŸ¤¥, you guilty for knowing. Crying because you didnâ€™t get your way. Freak like Diddy",-0.8074,negative
I don't know why they would be celebrating - rich fÃ¼Ã§kers don't go to jail but poor ones go nearly every time.,-0.128,negative
They keep switching from diddy to Epstein everytime one is in the public eye itâ€™s hilarious everyone on this app is guilty af of baby killing,-0.6705,negative
Tell us: 1. The Epstein and Diddy connections 2. The true story behind the Vegas shooting 3. The whereabouts of all the missing children 4. Who plotted to assassinate 5. Whoâ€™s actually guilty of treason 6. Whoâ€™s responsible for crimes against humanity,-0.4215,negative
"AAH U R VERY TRICKY! U SENT THE FEDS AGAINST P. DIDDY SO HE COULD TAKE THE FALL 4 SEX-TRAFFICING BUT AS GOD SAID THE REPUBLICANS R THE SEX-TRAFFICERS OF 300,000 KIDS ğŸ§’ PER YR WE SEE DIDDY NOT GUILTY OF THAT CRIME ALTHOUGH VIOLENT SO NOW EPSTEIN FILES ğŸ“‚ WILL DISAPPEAR",-0.9128,negative
Well.....they found Diddy not guilty. Really?,0.3252,positive
Thatâ€™s a bullshit question. They need released and ANYONE on there should go to prison. Trump. Clinton. All of them. This is what is wrong with the world today- fuck the party - who cares if you have money (Diddy). Guilty is guilt. Not if you have money.,-0.9169,negative
Diddy is not guilty and the Epstein Island was never visited by â€œhigh profileâ€ people.,0.3252,positive
Diddy not guilty so he doesnâ€™t need to cry about his boo getting locked up.,-0.1945,negative
And we didnâ€™t really expect the corrupt U.S. judicial system to find P. Diddy guilty either ...,-0.4215,negative
"...like if Diddy was found guilty, Trump would pardon him, cause thatâ€™s his friend and he went to those white parties. Trump has demonic friends.",0.875,positive
"P- Diddy wasn't guilty of trafficking , he was just transporting ğŸ™„ Epstein didn't have a client list and nobody committed pedophilia at his island. These people must really think the American people are stupid,",0.0083,neutral
Melly rotting in prison waiting for another trial while diddy and Epstein are found not guilty is just crazy,-0.5216,negative
"To be fair, the trial would be in D.C. The only person who would be found guilty would be Trump, even with 0 evidence of any crime committed by him. The cases would be Diddy 2.0. Except Trump, that would be more like E. Jean Carroll 2.0",-0.0276,neutral
If he releases the flight logs and client list from diddy and epstein than yes .. if not hes as guilty as they are of rape and trafficking of children for facilitating it,-0.17,negative
"Diddy's HUGE Legal Victory! ğŸ˜² What Happened? I discuss Diddy's legal win! He was found not guilty of RICO and sex trafficking, a major victory. I delve into the implications of the verdict and what it means. DiddyCase pdiddy",0.9319,positive
ITS TIME TO WAKE UP. Diddy not guilty No epstein list tik tok being censored isaac kappy WAKE,0.3859,positive
If Diddy could not be found guilty what makes us think this would have happened?,0.3252,positive
has Diddy been sentenced for his 2 guilty charges?,-0.6124,negative
The whole P. Diddy trial was a sham[e] and our government knows it. Shame on them. P. Diddy is an evil dude....those who support him are just as guilty. nojusticenopeace karma accountabilitynow,-0.8225,negative
"Literally, both Diddy &amp; Epstein were found ""Not Guilty"" in the same week... ğŸ˜’",0.3252,positive
Diddy was found Not Guilty too? Trump is a fucking moron and so is anyone working under his presidency,-0.2871,negative
"Epstein, Diddy not guilty. No victims. No list. No penalties. Itâ€™s a big club and we are not in it. There were victims but no perpetrators. Makes total sense..",0.3936,positive
"Sean Diddy Combs reportedly received a standing ovation from fellow inmates upon his return to a federal jail in Brooklyn after being acquitted of sex trafficking and racketeering, according to his attorney. The hip-hop mogul, 55, was found guilty only on a lesser charge,",-0.2023,negative
WHAT'S NEXT FOR DIDDY? TheView co-hosts share their takeaways from the Sean 'Diddy' Combs trial after he was acquitted of sex trafficking and racketeering charges last week and found guilty of two prostitution charges.,-0.4215,negative
"âš ï¸So let me get this straight, there was never an epstein list, Diddy is not guilty, Epstein offed himself, tik tok is being censored september. Wake upâš ï¸ they are laughing at all of us",0.7233,positive
Diddy received standing ovation from fellow inmates after jury found rapper not guilty on RICO charge: lawyer FoxNews. Celebrating thug behavior.....pathetic!,0.7449,positive
"Preople people people, do you really believe this was going to turn out any differently than P. Diddy having his parties &amp; that rigged outcome. What makes you think only Jews are guilty of any of this jazz-Muzzz take 9yr olds, WTFFFÂ©ï¸ğŸ¤¦ğŸ¼â€â™€ï¸",-0.3818,negative
"Last week, Diddy was cleared of his sex trafficking and racketeering charges, yet found guilty on 2 prostitution countsâ€“ a verdict stirring conversation on power and accountability. What does justice look like when fame is in the mix? Click to read more:",0.7096,positive
"I guess everybody on the list lawyered up, Maxwell in jail, Diddy suddenly not guilty, Giuffre passed away recently (no more voice), so nothing can be released. Might as well say a ""releasable"" Client List doesn't exist, they cited collapse of society as legal basis?",0.1857,positive
"Yes he was, without any real evidence. Yet the people that found Trump guilty. Said Diddy was innocent with countless evidence. So really, can we admit the biased.",0.3102,positive
"This will be the down fall of the Administration &amp; the movement. 1. Informant Diddy's case dropped! 2. Epstein's disgusting nonsense thrown under the rug like nothing happened! 3. ' s , , are just as guilty as ppl on the Epstein list!",-0.8061,negative
And equally as stunned if they were expecting a guilty Diddy verdict. S A Mfers,-0.3818,negative
What a bunch of BS. We all know that there is a very deep seeded list that IMO ties back to P. Diddy and that's why his charges are what they are now....it's all smoke and mirrors and both parties are guilty as fuck,-0.6908,negative
"If they got rid of it, then that wouldâ€™ve been national headlines both parties are in on this. You canâ€™t spend it anyway. This is the biggest scam along with Diddy being not guilty in so many of the charges",-0.1945,negative
"Hopefully the women (and male feminists) who are upset that Diddy basically got off, realize this happened in no small part because they pushed the ""me too"" crap. Diddy is a disgusting criminal and should have been found guilty. Part of the reason he wasn't is backlash to metoo",-0.9231,negative
"RP â€¢ A federal jury reached a mixed verdict in Sean â€œDiddyâ€ Combsâ€™ trial: â€¢ Not guilty of racketeering conspiracy (Count 1) â€¢ Not guilty of sex trafficking by force, fraud, or coercion related to Ventura (Count 2) â€¢ Guilty of transporting Cassie Ventura....",-0.6526,negative
So Jeffery Epstein and Diddy are both â€œnot guiltyâ€ of trafficking? In the same week? something is fishy,0.0,neutral
First Diddy is found Not Guilty on all major Sex Trafficking Charges &amp; now the DOJ/FBI state there is no Epstein Client List. Decades of Child Abuse by Elite Perpetrators is being covered up &amp; buried in real time.,-0.8142,negative
They do but for some reason people caught buying these services are never held accountable cough cough Robert Kraft. Like the diddy case I foresee a private trial leading to a predictable guilty verdict of lesser a crime. To keep the public quiet and forget about it,-0.7684,negative
"Great time for Pedoâ€™s and Corruption. Diddy not guilty, Epstein has no clients...ğŸ¤®ğŸ¤® Yâ€™all disgust me bro!",0.1591,positive
Sean 'Diddy' Combs has been found not guilty of sex trafficking and racketeering conspiracy in a mixed verdict. He has been found guilty of transportation to engage in prostitution. DiddyVerdict freediddy DiddyTrial,-0.2187,negative
also another thing how was diddy found NOT guilty? when he had cabinets filled with baby oil... i donâ€™t even own one bottle and he owns like 100????,0.6996,positive
I can't believe the media tricked me into thinking Diddy and Epstein were guilty. I should have learned my lesson after doubting OJ's innocence during his trial.,-0.4939,negative
"Happening at the same time The West: Iran, your women! Free your women...(while simultaneously bombing those women) Also, the West: Diddy is not guilty. We see nothing wrong in the Epstein case",0.8165,positive
"Diddy is alive and probably has a dead man switch. He most likely showed things that scared the shit out of DC and Pedowood. Not guilty, nobody goes to jail and Pam Bondi lied. She said the list was on her desk. Kash Patelsâ€™ Aipac handler read him the act.",-0.2187,negative
BREAKING: Sean â€œDiddyâ€ Combs returned to jail to a standing ovation from fellow inmates after being found not guilty of sex trafficking charges.,0.0598,positive
What is going on right now. Diddy not found guilty. Epstein had no client list. We are being played and lied. Wake up to reality,-0.0176,neutral
"Diddy received standing ovation from fellow inmates after jury found rapper not guilty on RICO charge: lawyer fuck you Diddy burn in HELL you fucking human trafficking, fucking pedophile son of a bitch burn in HELL you fucking",-0.9561,negative
We already saw the movie.. Diddy not guilty... Epstein list - erased...,0.3252,positive
"the government and ""justice system"" do not exist to protect abuse victims. it exists to help abusers. diddy being found ""not guilty"" of his biggest crimes despite the evidence. and there suddenly being ""no epstein client list"" despite confessions of the opposite. it's sick.",-0.7993,negative
Diddy received standing ovation from fellow inmates after jury found rapper not guilty on RICO charge: lawyer FoxNews Pretty much says it all. Shame on EVERY SINGLE JUROR!,0.4067,positive
Tell us: 1. The Epstein/Diddy lists 2. The REAL story of the Vegas shooting 3. Where are all the missing kids? 4. Who arranged to have killed? 5. Who's guilty of treason? 6. Who's guilty of crimes against humanity? Did I forget anything?,-0.9521,negative
"So diddy wasnâ€™t found guilty, and Epstein basically was all a lie. I donâ€™t think anyone is buying into this and whatâ€™s happening lmao.",0.2732,positive
Neither does Trump but hey heâ€™s the savior because heâ€™s getting rid of the illegals right ? Even tho now under trump Diddy is not guilty and the Epstein list disappeared why? Because the dems and the republicans are on that list together ! Thatâ€™s why neither party released it,-0.4387,negative
Epstein was probably never guilty. You know just like P Diddy completely innocent.,0.7597,positive
If Diddy was a snitch he wouldâ€™ve been found guilty on all charges.,-0.5994,negative
"After intense deliberations, the jury returned a partial verdict, finding Diddy not guilty on the most serious charges of racketeering and sex trafficking â€” but guilty on two counts related to transporting individuals for prostitution.",-0.5529,negative
There is no point in doing arrests (although I think they were already done) until swamp cleaned and cleansing enema performed. If Diddy got off then swamp still there. Any arrests would be found not guilty and canâ€™t re- try. Be patient.,-0.6876,negative
ğŸ¥´BREAKING: Sean â€œDiddyâ€ Combs returned to jail to a standing ovation from fellow inmates after being found not guilty of sex trafficking charges.,0.0598,positive
Diddy was being tried on his own. Epstein's accomplice was found guilty using the same victim testimonies that would be used in the Epstein trial. Do you understand logic?,-0.5994,negative
So.. Diddyâ€™s not guilty &amp; Epstein never had a client list. Interesting turn of events.,0.6164,positive
"Never said it did,but the FACTS are just what I stated. So since Obama has pictures with Diddy at parties, does that mean Obama is a pedo? If there was evidence of DJT guilty the Biden DOJ woulda threw his ass under the jail. You have no proof. Until then, it's conspiracy period",-0.8481,negative
Diddy received standing ovation from fellow inmates after jury found rapper not guilty on RICO charge: lawyer,0.3252,positive
don't forget in the last week Diddy was found not guilty too. There are people in powers bigger then those we see unfortunately and they don't want us knowing.,0.0966,positive
"Diddy said at one point in time that there are high-level politicians involved. Everyone in Trump's administration claims there is no list, just the same as Diddy was found not guilty. How much did all pay to cover up and lie? How much did Diddy pay the jurors Trump's hush money",-0.17,negative
"Sean ""Diddy"" Combs being found guilty on two counts in his sex trafficking trial, there have been some instances of people expressing support and cheering for him. Well ainâ€™t that just idiocy in full force. I wonder how many of those malcontents would be cheering if their",0.8225,positive
Let see what will happen when P Diddy will be out of prison without charges. Sounds very much like European countries where not the guilty are arested,0.3868,positive
BREAKING: Sean â€œDiddyâ€ Combs returned to jail to a standing ovation from fellow inmates after being found not guilty of sex trafficking charges. Join &amp; Share Â» The General,0.5621,positive
Why are yâ€™all still on this narrative? Diddy has been found not guilty on the terrible charges. Stop trying to associate jay with him geez ğŸ™„,-0.6209,negative
Aye man ainâ€™t this the same shit Diddy was found guilty of? LMAO,-0.1943,negative
"Within a week or so, both diddy and Epstein are found not guilty of child trafficking &amp; Epstein had no client list, they expect everyone to believe that, the satanic corruption runs very deep and in very high positions of power.",0.0341,neutral
Diddy received standing ovation from fellow inmates after jury found rapper not guilty on RICO charge: lawyer,0.3252,positive
"Epstein was in prison. Diddy is still guilty of crimes and has not been released. And in the USA, we do have a burden of proof. Key word is BURDEN. But that's one of the costs of freedom.",0.1239,positive
The same Elon musk who said diddy was guilty of child trafficking his here spitting shit. I think the guy needs his head examined.,-0.7506,negative
"Diddy Denied Bail. Kohberger Guilty. Did he change his appearance, and can he profit? | Emily Show THE DOCKET 0:00 Welcome 1:37 Intro 1:49 Diddy 13:24 Bryan Kohberger",0.0516,positive
"[Video] This morning a jury in the federal trial against Sean â€œDiddyâ€ Combs found the hip-hop mogul not guilty of sex trafficking and racketeering, the most serious charges against him. The jury found him guilty of violating the Mann A... Sextrafficking",-0.7869,negative
Im willing to bet black people will constantly remind each other that Diddy actually did that shit and shoulda been found guilty but will let Jeffrey Epstein fade into obscurity. Ill bet my life,-0.7845,negative
Diddy and Epstein not guilty in the same week. Tax dollars and true justice at work. What a fucking joke....,0.8757,positive
DIDDY NOT GUILTY EPSTEIN CLIENTS NOT GUILTY DISGUSTING,0.7536,positive
"With Diddy found Not Guilty &amp; No Epstein Client List, you know that the US is not a sovereign country. ğŸ˜¢ğŸ‡ºğŸ‡¸ğŸ˜¢Make America Last AgainğŸ˜¢ğŸ‡ºğŸ‡¸ğŸ˜¢",-0.8474,negative
"First Diddy now this? This is insane, there was a legitimate list and people were exposed. Ghislaine Maxwell was found guilty on this?! Absolutely disgusting and disheartening.",-0.9218,negative
"First, Diddy is found not guilty on all major trafficking charges. Now, the DOJ and FBI claim there is no Epstein client list. Decades of child abuse by powerful elites are being systematically covered up and erased ..... right before our eyes.",-0.5642,negative
"The clients are made up of blackmailed individuals. The system that created, funded, encouraged, and propped up both Epstein and Diddy's empires are guilty of treason.",-0.296,negative
"A new and improved Alcatraz, Diddy found not guilty and now a big sigh of relief, there is no Epstein list! Man, America really is becoming great again.",0.9019,positive
"Diddy was found guilty on 2 charges. He is still in prison, Lets NOT forget that.",-0.7604,negative
"Total cover up!! They found something so bad it would take down our government! But if nothing happened they should release Ghislane! If this is their story, then why is she being punished? Also itâ€™s actually better than a million dollar Diddy trial where no one is found guilty!",-0.8901,negative
"If the truth comes out, just like the sham Diddy trial, then everyone in Washington and Hollywood would be in prison. Both sides are guilty. Disgusting!",-0.7177,negative
so diddy was found not guilty of sex trafficking and epstein â€˜has no client listâ€™ and was confirmed to have committed suicide by the fbi and doj...... uh huh.....right.,-0.5053,negative
"Diddy received standing ovation from fellow inmates after jury found rapper not guilty on RICO charge: lawyer: Sean ""Diddy"" Combs reportedly received a standing ovation from his fellow inmates after being acquitted on the most serious charges brought ag...",0.0927,positive
Cassie is guilty of the same prostitution charges that Diddy commited. She literally arranged freak offs for her own enjoyment when Diddy was not even there. She gets $30 million. Diddy sits in jail.,-0.4939,negative
"This should piss you off, 500k kids go missing in America every year and the DOJ just backtracked and said Jeffery Epstein didnâ€™t have a client list a week after Diddy was found not guilty on every major sex crime he was charged with. Whoever set this up needs to go to prison.",-0.8872,negative
"""Not guilty"" doesn't equal = ""innocent"" and Diddy was convicted on the lesser charges and remains in Jail awaiting sentencing.",-0.3408,negative
"diddy and epstein being found ""not guilty"" of trafficking in the same week is not suspicious at all ğŸ˜ƒ",0.7133,positive
"I'm not sure a 'pile in' is necessary..!! Why not let his actions, and the evidence speak for itself. If he's guilty, it will all come out online the wash, and court of public opinion - like Diddy's.. ğŸ‘",-0.4303,negative
"Rule 29 was on the RICO charge. Diddy was acquitted. Rule 29 only applies after a conviction, not an acquittal. So if the jury already found him not guilty, thereâ€™s no need for the judge to rule on whether the evidence was insufficien",0.6393,positive
"Chris Brown is selling out stadiums, Dr Luke is still making music for famous artists, Kanye has posted swastikas on twitter and praised hitler and Diddy was found not guilty on the majority of the charges, but you all chose to come after Ethel Cain?",0.2996,positive
"Diddy Trial â€” Can a judge overrule a jury in federal court? ğŸ”¹ Yes â€” but only in rare cases, and only to reverse a guilty verdict if no reasonable jury couldâ€™ve reached it (Rule 29 judgment of acquittal). ğŸ”¹ No â€” a judge canâ€™t reverse a not guilty verdict. Thatâ€™s blocked by the",-0.3544,negative
If you get caught sex trafficking minors your finances will determine if youâ€™re guilty or not! Epstein and P Diddy,-0.4753,negative
No Epstein List or Diddy List = Guilty,-0.6124,negative
"How is that up to level 28, when he is not guilty of trafficking? I hope Diddyâ€™s lawyers come ready to argue armed with case law, because this inexperienced judge almost always sides with the prosecution. Might have to get Brian Steele for this one.",0.2805,positive
"You talking about Bill Clinton ,right dummycrat? Hell, they gpt your boy on thst Island countless times Convicted felon? Convictedby who Dummycrats?. Your hero Diddy was guilty as sin but being in that shithole NYC they let him off all the while convicting Trump on bullshitğŸ˜ƒ",-0.8014,negative
You know itâ€™s horrifying interesting that that would even be relevant except after the Diddy trial and all Dems that are guilty and havenâ€™t gone to prison yet but actually somehow connects the dots as a medical professional. The whole conversation is,-0.5499,negative
Not finding guilty diddy on all charges also does this. Also hiding the elite and wealthy is another reason these heinous crimes will continue.,0.1361,positive
"Diddy, who's guilty as one can be, just skated justice,and there's nothing we can do. Currently the corrupt judicial system that is in place must be repaired before any prosecutions take place, or it's all for naught.",-0.4215,negative
Is this to take our eyes off Diddy since he has been found not guilty as well? And that the Weiner laptop has horrible files about children and that is not being dealt with.? Too many known â€œevidenceâ€ that is being held in a â€œdonâ€™t touchâ€ zone.,-0.5175,negative
"He has every right to appeal, and it should be straightforward. The judge already damaged his own credibility by denying Diddy bail even after he was found not guilty on the strongest charges that were originally used to justify keeping him in custody for over 10 months. A new",-0.2887,negative
"Diddy Verdict: Guilty on Some Charges, But Not All?",-0.2846,negative
Tell us: 1. The Epstein/Diddy lists 2. The REAL story of the Vegas shooting 3. Where are all the missing kids? 4. Who arranged to have killed? 5. Who's guilty of treason? 6. Who's guilty of crimes against humanity? Did I forget anything?,-0.9521,negative
"Yes 50 needs to learn how to be a father from diddy. I'm not talking about other stuffs but if I'm choosing a dad, best believe I'll choose Diddy. And if you think 50 isn't guilty of beating women then I suggest you check on his 1st babymama and he also burnt her house.",0.9309,positive
Itâ€™s funny diddy was acquitted and people still know that nigga is guilty,0.2732,positive
"Youâ€™re failing to protect Americans from the blackmailing still taking place as a result of Epstein &amp; Diddy honey pot schemes. Everyone knows this administration is part of it now. Shame on you all for allowing it to continue, &amp; absolutely no accountability to all guilty parties.",-0.7501,negative
so happy your leaving pedifile diddy sex trafficker your leaving because your guilty of sex trafficking,0.2944,positive
Did you know that the Mann Act was motivated by racist concerns about â€œwhite slaveryâ€ and a desire to keep white women â€œpureâ€ and seperate from men of color? This is the statute that Diddy was found guilty of.ğŸ§µ1/x,-0.2732,negative
"The date is set for Sean Diddy Combs' sentencing on prostitution charges. Found guilty of transporting prostitutes, he's facing up to 20 years, but a lighter sentence is expected. Mark your calendars for October 3! Get the full scoop here: (via Mixmag)",-0.1759,negative
ğŸš¨ Breaking News! Diddy smiles after being found NOT GUILTY on major charges! ğŸ‰ Only minor counts left. This is a HUGE win for him. Watch the full story! Diddy NotGuilty LegalNews CelebrityUpdates,0.9357,positive
He sound dumb asf siding with jay z and diddy lmao we all know them foos guilty just have money for lawyers lmao,0.4019,positive
There are many reasons that it is not time yet. First flood the earth with the Epstein so the world doesn't fall over with heart attacks from evidence. And next? Diddy was found not guilty in a corrupt system. Clean it up or we never get justice. Mainly. It's the operation.,0.5508,positive
Bitch canâ€™t even let shit rhyme nothing sits well with yâ€™all YT folks. Diddy is found not guilty on all counts so the shit you talk about has no ground Trump is guilty CH is guilty,-0.8652,negative
"and I don't mean those private parties, the ones where they think they're bad. I'm talking those who were P. Diddy. The AI says they are guilty, through consensus of multi-modal peer review in committee, along with fact checks from us regular humans. This is my check that will",-0.5574,negative
BL WRITERS ARE GUILTY BUT NOT DIDDY.....??,0.1556,positive
"j7""um so diddy flack?"" z0""half guilty or more like 2/5ths guilty.. um i don't think everyone thought that would happen. so he'll get some jail time.. can't bring up t'pac .. """,-0.4715,negative
"Furthermore, Horner was never proven guilty in that ""scandal"", Diddy was proven guilty multiple times for multiple reasons",-0.5216,negative
"Sean â€œDiddyâ€ Combs was found guilty on two federal charges, prompting continued discussion around accountability in the entertainment industry. Read more here: news diddy seancombs cassie trial",-0.2732,negative
"Do you really want the mass arrests right now? Look at Diddy. If the courts weren't completely corrupted, Diddy would have been found guilty of racketeering. Instead, he will more than likely get off with time served. Do you really want these people to serve a few months in a",-0.5445,negative
U still cant pull up Diddy shit cause that Man just Got off on alot of those Charges! The only thing he was found guilty of is Flying Sex workers out to have sex and tbh all of those ppl were ADULTS not Children so i really Dont care!,-0.8999,negative
"No they donâ€™t. It is not our job. You have to stand by the line you draw. You have made so many positive changes and in such a short time. However, you need to simultaneously arrest those guilty of fraud and corruption. Americans are upset about Diddy and Epstein.",-0.8369,negative
The beginning of the year if you remember was quite bumpy and weâ€™re in July now and the world is talking about Epstein. Diddy practically got away off the most serious charges that we all KNOW heâ€™s guilty for ... so itâ€™s just like ğŸ¤·ğŸ¼â€â™‚ï¸,-0.4602,negative
"I've seen this chart alot, I wonder who made it. Reminds me of all the celebrities, YouTubers, podcasters, Internet lawyers,...etc who for months were so sure Diddy was going to be found GUILTY on all charges. More hopium for you I guess. ğŸ¤—",0.0408,neutral
"Also are you gonna say his bestie Diddy is innocent cause he wasnâ€™t found guilty? Long story short anyone in that group was a child diddler All articles say the child was 13, Iâ€™m sure that jay z wasnâ€™t 12 when he was friends with diddy ğŸ‘€ So stop lying to validate being a fan",0.3083,positive
This week we found out that both Diddy and Jeffery Epstein are innocent... But Ghislaine Maxwell is still GUILTY! ğŸ¤·â€â™‚ï¸ğŸ“‰ğŸš”,-0.6588,negative
I donâ€™t understand how Diddy is guilty of prostitution... Isnt he a cuck? Nvm,-0.4215,negative
Diddyâ€™s Twins Dâ€™Lila and Jessie Announce Clothing Line After Dad Found Not Guilty of Sex Trafficking,0.3252,positive
They said Diddys not guilty and Epstein killed himself in the same week. Trumps been paying everyone off because hes been to Diddy parties and Epsteins Island.,-0.12,negative
"Following an eight-week trial, music mogul Sean â€˜Diddyâ€™ Combs was found guilty last week on two counts of transportation to engage in prostitution and is scheduled to be sentenced on Thursday, October 3, 2025. FreenBecky à¸Ÿà¸´à¸•à¸•à¸´à¹‰à¸‡à¹€à¸ªà¸™à¹ˆà¸«à¸²à¸§à¸²à¹‚à¸¢ planecrash",-0.128,negative
diddy guilty of more. no matter rich or poor he is still guilty and a woman beater,-0.8989,negative
"Carrying cases to court isn't easy, it takes time, it takes money and sometimes the verdict depends on who is more connected and has more money Look at everything diddy did and they still didn't find him guilty on all counts",0.1346,positive
"Unfortunately, there is some truth to this. Diddy was guilty as sin of the more serious charges, but the jury only convicted on the lesser, gimme charges. Those who testified him now are nervous about him getting out of prison with the next couple of years, if not sooner.",-0.9323,negative
"Amazing Diddy still in jail, even after all heavy charges not guilty. You know they are just itching to get to him, like the killer in High Anxiety. Oh I can kill him, oh life is good, Cleesh. He got's Obama's legacy. What tangled webs we weave, when first we practice to deceive.",-0.6083,negative
"ğŸ‘ğŸ‘ But It's not just Bondi. It's also FBI Patel, Bongino &amp; CIA. Patel Bondi Bongino are protecting the CIA, covering up the horrific crimes our CIA is guilty of including using Epstein &amp; P Diddy to get blackmail on the elites Using children",-0.8957,negative
"Your supporters havenâ€™t seen ONE arrest of any of the big players with successful guilty verdict, people like Soros, Clintonâ€™s, Bushâ€™s, Obamaâ€™s, Podesta brothers, Brennan, Comey, Shift, Epstien, Diddy, Pelosi/Jan6, all the gov&amp; HW pedos, they will all reamerge next POTUS",0.6808,positive
"Saying this when Diddy is looking at up to 20 years in prison for what he WAS convicted of is a little insane, sorry If you look at the case and not headlines, there was no way he was gonna get a guilty verdict from the most serious charge There was simply no evidence of it",-0.8984,negative
"Good. But Ashleigh, you were wrong about the Diddy case for months. You said he was guilty of racketeering &amp; RICO and last night EVEN AFTER THE jURY SAID NOT GUILTY you doubled down and badgered a juror. Just take the loss &amp; admit you were dumb &amp; didn't understand RICO.",-0.8515,negative
Sean â€œDiddyâ€ Combs will be sentenced on October 3 after being found guilty on two counts of transportation to engage in prostitution. He faces a maximum of 20 years in jail.,-0.128,negative
"Diddyâ€™s sentencing is set for Oct 3 after guilty verdict on prostitution charges. Acquitted of trafficking, he still faces up to 20 years â€” but will probably recieve less. DiddyVerdict",-0.2382,negative
They all protect each other when it's convenient for them and throw each other under the bus ğŸšŒ when it's not. Let's see what Trump is really bout. ğŸ‘€ Wonder why Diddy's charges were found not guilty (the major ones) ğŸ¤”...,0.4276,positive
Diddy Date for his Jail Sentence All Set. What Jail Time Will Judge Give Him &amp; WHY? Diddy NotGuilty Guilty Sentencing joeyjacksonesqOnYouTube thejoeyjacksonesqOnSubStack,-0.4767,negative
Literally the USA Government: Epsteinâ€½ Never heard of him. Diddy? Heâ€™s just guilty of having a good time.,0.0258,neutral
"Oh, stfu! Your opinion is completely useless because you ignore facts/evidence &amp; just go with ""Believe all women!"" ğŸ™„ *Wood &amp; Heard are liars. Pitt was accused but not proven guilty of anything. Strange flex bringing in politics. Cosby and Diddy are guilty. SOME WOMEN LIE!",-0.8546,negative
I listen to Megyn all the time but i feel that she is wrong on this. She also thought Diddy was going to be found guilty on all charges so........,-0.8885,negative
"Diddy found not guilty, Epstein killed himself and there was never a list, Girl stabs boyfriend and is granted bail. The villains have been having a good week neh! TF ğŸ˜§ is my lameass doing holding the line for ğŸ¤” nah! Villains team is popping",-0.7692,negative
"We just gonna ignore the fact that a few days before the recent Epstein files stuff, that Diddy got found not guilty? Sounds like a club sticking together . EpsteinClientList diddy",-0.3134,negative
Seems like Trump is because no men who actually raped a child is being outed or going to jail despite many payoffs to victims and explain if Epstein ainâ€™t have clients why is ms Maxwell in prison ? Ijs if Diddy guilty of man act how not Trump one of the victims worked at Maralago,-0.9231,negative
This just in: Diddy not guilty.,0.3252,positive
"Diddy returned to federal prison after his trial, reportedly receiving a standing ovation from fellow inmates. Diddy was found not guilty of major charges like sex trafficking and racketeering but convicted on lesser chargers under the Mann Act. USA AI",-0.075,negative
Nah Diddy maybe rich but he isnâ€™t part of the white political elite clubs .... which is why he was tried and found guilty. Donâ€™t try to defend your pedos with whataboutery just because they belong to your tribe and you voted for them. No body voted for Diddy.,-0.6597,negative
"Donâ€™t care, she never spoke up about Diddy because sheâ€™s guilty too!",0.1759,positive
"Wonder if the Jury was promised something from Diddy in return for a Not Guilty Verdict!! They should be checked up on months down the road to see if mortgages paid off (or big payments made), cars or fat bank accounts, big vacations etc show up!!",0.6763,positive
Same as with the Diddy case last time. Now heâ€™s suddenly not guilty. Whoâ€™s pulling our noses?,0.3252,positive
"Yeah, I am tired of waiting. Comey should be in jail for his 8647 stunt. Diddy was guilty AF. Epstein had a list and was K!lled. Yet, we wait. Itâ€™s gotten old. There will be no justice. We are on to all of it and we are FURIOUS.",-0.9001,negative
Thatâ€™s a visitors list that isnâ€™t the blackmail list big difference. Why isnâ€™t anyone screaming about the Diddy lists oh we know why politicians and Hollywood elites are above the law. You really want to know whoâ€™s on the list look who left the country thatâ€™s whoâ€™s guilty.,-0.5868,negative
The point is was she forced and every male escort says SHE WAS NOT CASSIE IS MORE GUILTY THAN DIDDY TBH ğŸ’¯ğŸ’¯ğŸ’¯ And those escorts HAVE EVERY RIGHT to come forward and tell what really happened before Cassie start lying onğŸ’…ğŸ¾ We still in Amerikkka and Cassie is with a wm now and,-0.8992,negative
". exposed by Cuban Doll for being the female Diddy, alleges Queen Von told her Megan Thee Stallion was sex trafficking women internationally and having freak offs with them overseas. Megan, if you donâ€™t take them to court like you did Milagro Gramz, youâ€™re guilty.",-0.5423,negative
"""we have so much data"" ""utter bombshell"" ""deepstate and elites cooked!"" *later* ""there's nothing"" ""who cares about missing footage?"" ""client list? ""yup, killed himself"" ""she's in prison for trafficking nobody to nobody"" ""you still care about Epstein, nerd?"" ""diddy not guilty""",-0.8744,negative
Iâ€™ve been questioning this as well. Seems sheâ€™s a political prisoner. She did nothing more than what diddy was found guilty for. Just transporting models to the island. Nothing more nothing less it appears. Waiting for her appeal.,-0.6808,negative
Suspicious about client list. Suspicious about Diddy trial not guilty.,-0.3956,negative
"Sean ""Diddy"" Combs's sentencing hearing confirmed. Following his high-profile trial, the hip-hop mogul was found guilty of two counts of transportation for prostitution by jurors in Manhattan, New York, last week - but was cleared of sex-trafficking and racketeering conspiracy.",-0.7351,negative
wonder who is on the ClientList that it isnt out... how about guilty until proven innocent then? EpsteinCoverUp EpsteinClientList,-0.1027,negative
"If Diddy can be found guilty of providing transportation for the purposes of prostitution then SURELY someone, anyone - maybe or - could find SOMETHING to charge that motherfucker Trump with.",-0.5813,negative
Diddyâ€™s Twin Daughters Launch Bold Clothing Line â€™12Twinty1â€² â€” Just Days After His â€˜Not Guiltyâ€™ Verdict Diddy 12Twinty1 FashionLaunch TwinDaughters ViralVideo,0.4939,positive
Sure he will just like Epstein and Diddy? This is turning into a joke at this point. He's obviously guilty of crimes against humanity so what's the hold up? Just more grandstanding to appease the masses is what I'm seeing. Lots of barking with no results!,0.6144,positive
That's what I been saying people acting all crazy for that stupid ass files that won't show us what we already know. It's like the Diddy trial year he's found not guilty by having a smart lawyer however we all know he did those things in his mansion and hotel lol,0.0083,neutral
Iv got a sneaky suspicion that the only thing diddy is guilty of is actually purchasing the Epstein videos .... ğŸ˜¯ğŸ˜¯ğŸ’­ğŸ’­,-0.743,negative
"Right now Terrance, I am at a 1. There is a woman sitting in jail due to a list, Diddy not guilty in 3 major charges, Trump trying to sweep the Epstein files under the carpet and so many children who were and possibly still being abused and moved abound have no justice.",-0.73,negative
"1996: Guilty - criminal mischief Diddy pulled gun on paparazzi and took camera film 1999: Guilty - originally Felony assault/criminal mischief - after public apology, reduced to harassment. Diddy beat Steven Stoute with champagne bottle,",-0.9638,negative
"Was Diddy a test run to see if average people would convict big names with sex crimes or be ""star struck"" and let them walk? Diddy was found ""not guilty"" of similar charges. Is this why the about face re: Epstein's clients? Consider the timing.",-0.2796,negative
"Diddy could face 'substantial' prison time after guilty verdict, warns OJ Simpson's lawyer Details:",-0.6249,negative
"There are 3 sides to every story. Your side, their side and the truth. Now I sure as hell donâ€™t know the truth but letâ€™s look at the possibilities First before mentioning anything Epstein, letâ€™s look at Diddy. Guilty as sin yet he magically gets off on the serious charges",-0.8674,negative
"Let's be clear Diddy was found guilty of a low level non violent violation of a problematic federal law. Diddy maintains his innocent, true ignorance is not an excuse in the eyes of the law, however the law accepts negligence and that is the DiddyTrial and Diddyverdict",-0.8187,negative
Lmao is that not the same thing as what Diddy was found guilty of? Transportation for the purpose of prostitution? ğŸ‘€,0.3527,positive
"â€œThe Daily Mail has also reported that in the case of a guilty verdict, Diddy could use ties with politicians in DC to potentially help obtain a pardon. It has also alleged that his â€˜good friendâ€™ DonaldTrump has said he would consider thisâ€ - Grazia",0.4215,positive
Gates went there so many times and why isnâ€™t he charged with anything? For 1 example Those girls were taken out of the country to an island. Omg Look at Diddy. Does anyone think heâ€™ll get the 20years for his guilty 2 charges. Not RIcO. So sad Too bad we canâ€™t have public,-0.9254,negative
How is this man not in prison especially after p diddy was found not guilty,0.6167,positive
Diddy Facing 20 Years In Jail After Being Found Guilty TheSauceKe,-0.4215,negative
"Sean â€œDiddyâ€ Combs is facing renewed backlash following his high-profile trial. Though acquitted of major charges like sex trafficking, he was found guilty on 2 counts of transporting individuals for prostitution. âš–ï¸ğŸ’¥ Diddy CelebrityTrial JusticeForVictims",-0.4432,negative
"Judging a persons whole personality by one misunderstanding, it's not even a criminal offense.Dang so narrowminded. Get a life men. Even diddy SA everybody, still not guilty.",0.32,positive
"Ah yes because these files were priority on the reasons to vote for Trump.... While important they won't resolve national issues. I mean while we're out at why don't we revisit the Diddy issue? Everyone says he's guilty, like the Epstein of Hollywood... They say he has files too.",0.2537,positive
"The idea was to prosecute the perps instead we get ""make no mistake, we will prosecute ...to the fullest extent of the law,"" and Diddy is found ""not guilty,"" and the infamous E files ""poof"" gone. Da fuh just happened? Worse MIB memory wipe attempt ever.",-0.6288,negative
Diddy found guilty of giving prostitutes on duty a ride Epstein found guilty of downloading child pornography And Maxwell found guilty of trafficking for no one If you believe their fantasy then this is your reality,-0.802,negative
The jury deliberating on Diddyâ€™ fate returned a unanimous verdict. The jury found Diddy not guilty on 3 of the 5 charges - 1 count of racketeering &amp; 2 counts of sex trafficking. Diddy was found guilty of 2 counts of transportation to engage in prostitution,0.1109,positive
"Diddy juror points to where defense â€˜poked holesâ€™ in prosecutionâ€™s case to get racketeering acquittal: A jury of his peers found rapper Sean ""Diddy"" Combs not guilty of the most serious charges he had been facing on July 2. On that day, the jury told t...",-0.036,neutral
"NPR Sheldon Pearce After two months in a Manhattan courtroom, the federal trial of hip-hop mogul Sean Combs, also known as Diddy or Puff Daddy, has come to an uneasy close. On Thursday, Combs received a mixed verdict from the jury: not guilty on the more serious charges, one",-0.3898,negative
